[
   {
      "pais":"Brasil",
      "coordenadas":[
        -15.7801,
        -47.9292
      ],
      "casos":5717,
      "habitantes":208.4
   },
   {
      "pais":"Rusia",
      "coordenadas":[
         55.7526,
         37.6231
      ],
      "casos":2337,
      "habitantes":146.8
   },
   {
      "pais":"India",
      "coordenadas":[
         28.6291,
         77.2124
      ],
      "casos":1397,
      "habitantes":1391.7
   },
   {
      "pais":"Venezuela",
      "coordenadas":[
        10.4818,
        -66.9068
      ],
      "casos":135,
      "habitantes":28.8
   },
   {
      "pais":"Francia",
      "coordenadas":[
        48.8565,
        2.3539
      ],
      "casos":52827,
      "habitantes":67.1
   },
   {
      "pais":"Italia",
      "coordenadas":[
        41.9038,
        12.4954
      ],
      "casos":105792,
      "habitantes":60.3
   },
   {
      "pais":"Japón",
      "coordenadas":[
        36.5444,
        138.4270
      ],
      "casos":1953,
      "habitantes":126.5
   }

]
